SMILES,des_cv,pred_cv,Err_pred_des,DFT_cv,RE_des,RE_pred,similarity
CC1CCCO1,22.435,22.39874,0.16161904,22.694,1.14127082,1.301048735,0.625
CCCC1CCCCO1,33.5652,36.936646,10.04446721,36.814,8.824903569,0.333150432,
