SMILES,des_cv,pred_cv,Err_pred_des,DFT_cv,RE_des,RE_pred,similarity
O=C1C=C2CC23OC13,25.9489,24.12382,7.0333617,23.519,10.33164675,2.571622943,0.53125
CCCCOC(C)(C)C,41.3987,42.138752,1.787621311,44.375,6.70715493,5.039432113,
