SMILES,des_cv,pred_cv,Err_pred_des,DFT_cv,RE_des,RE_pred,similarity
CCC1NC2CCCC12,29.0925,34.210667,17.59273578,34.837,16.48965181,1.797895915,0.672955974842767
N=CC1CC2CNC2C1,26.4733,30.811905,16.3886066,31.493,15.93909758,2.162686946,
