SMILES,des_cv,pred_cv,Err_pred_des,DFT_cv,RE_des,RE_pred,similarity
CCCC1CCCCO1,33.5652,36.936646,10.04446721,36.814,8.824903569,0.333150432,0.710843373493976
CCCC1(C)CCCO1,36.457,38.46064,5.495899151,38.49,5.2818914,0.076279553,
