SMILES,des_cv,pred_cv,Err_pred_des,DFT_cv,RE_des,RE_pred,similarity
CC1CCCO1,22.435,22.39874,0.16161904,22.694,1.14127082,1.301048735,0.609756097560976
CCCCOC(C)(C)C,41.3987,42.138752,1.787621311,44.375,6.70715493,5.039432113,
