SMILES,des_cv,pred_cv,Err_pred_des,DFT_cv,RE_des,RE_pred,similarity
C#CC(CCC)CCO,40.8412,40.533066,0.754469027,40.866,0.060686145,0.814696814,0.64
C#CC(CC)CCCC,39.0204,41.69639,6.857921099,42.142,7.407337098,1.057401167,
