SMILES,des_cv,pred_cv,Err_pred_des,DFT_cv,RE_des,RE_pred,similarity
C1CC2C1NC1CCC12,24.4215,31.09239,27.31564425,30.816,20.75058411,0.896904206,0.715189873417722
CCC1NC2CCCC12,29.0925,34.210667,17.59273578,34.837,16.48965181,1.797895915,
