SMILES,des_cv,pred_cv,Err_pred_des,DFT_cv,RE_des,RE_pred,similarity
CCCC1OCCC1C,32.2732,38.280857,18.61500281,35.915,10.1400529,6.587378533,0.710843373493976
CCCC1CCCCO1,33.5652,36.936646,10.04446721,36.814,8.824903569,0.333150432,
