SMILES,des_cv,pred_cv,Err_pred_des,DFT_cv,RE_des,RE_pred,similarity
CC1CCCO1,22.435,22.39874,0.16161904,22.694,1.14127082,1.301048735,0.571428571428571
CCCC(C)C1OCC1C,41.8426,41.951473,0.260196546,44.358,5.670679472,5.425237838,
