SMILES,des_cv,pred_cv,Err_pred_des,DFT_cv,RE_des,RE_pred,similarity
CC1C2CCCC1C2O,26.5959,34.38608,29.29091212,34.805,23.58597903,1.20362017,0.721153846153846
OC1CC2CCC1CC2,29.6804,32.9776,11.10901503,32.705,9.248127198,0.833511695,
