SMILES,des_cv,pred_cv,Err_pred_des,DFT_cv,RE_des,RE_pred,similarity
O=CC1CC2CCCC12,28.2553,31.394917,11.11160219,31.806,11.16361693,1.292469974,0.854166666666667
O=CC1CC2CCC12,22.801,27.351994,19.95962265,27.764,17.87566633,1.483957643,
