SMILES,des_cv,pred_cv,Err_pred_des,DFT_cv,RE_des,RE_pred,similarity
CC1C2CCCC1C2O,26.5959,34.38608,29.29091212,34.805,23.58597903,1.20362017,0.683544303797468
CCCC1CCC1CCO,37.2193,41.822197,12.36696284,44.105,15.61206212,5.175837207,
