SMILES,des_cv,pred_cv,Err_pred_des,DFT_cv,RE_des,RE_pred,similarity
C#CC1CCCC(O)C1,38.0089,35.293037,7.145333292,35.266,7.777746271,0.076665911,0.716417910447761
C#CC(CCC)CCO,40.8412,40.533066,0.754469027,40.866,0.060686145,0.814696814,
