SMILES,des_cv,pred_cv,Err_pred_des,DFT_cv,RE_des,RE_pred,similarity
CC1CCCO1,22.435,22.39874,0.16161904,22.694,1.14127082,1.301048735,0.771428571428571
CCC1OC1C,25.7114,25.408676,1.177391556,25.246,1.84346035,0.644363464,
