SMILES,des_cv,pred_cv,Err_pred_des
CCC1CCCCCC1,34.1455,40.149097,0.1758239721962471
CCC1CCCCCCC1,32.9668,40.37432,0.2246963910323938
CCC1CCCCCC1O,27.4664,39.394184,0.4342682008763008
C=C1CCCCCCCC1,31.9164,37.87858,0.18680609924788374
CCC1C=CCCCC1,30.877,35.389248,0.14613621447313893
C=C1C=CCCCCCC1,24.113,33.601646,0.39350750314518496
CCC1C=CCCCCC1,27.117,37.12919,0.36922183639774514
