SMILES,des_cv,pred_cv,Err_pred_des,DFT_cv,RE_des,RE_pred,similarity
C#CC(CCC)NC=O,36.1757,36.86876,1.915814083,37.585,3.749634163,1.905653851,0.681818181818182
CCCC(CC)NC=O,31.8493,39.78637,24.92070257,40.166,20.70582084,0.945152617,
