SMILES,des_cv,pred_cv,Err_pred_des,DFT_cv,RE_des,RE_pred,similarity
CC1C=C(C#N)CC1,36.6368,28.748127,21.53210165,28.57,28.23521176,0.623475674,0.66
CCC1C=C(C#N)C1,27.1083,28.585665,5.4498622,29.471,8.017033694,3.004088765,
