SMILES,des_cv,pred_cv,Err_pred_des,DFT_cv,RE_des,RE_pred,similarity
C#CC#CCC(O)C=N,34.8721,35.19172,0.916546624,34.869,0.008890418,0.925521237,0.666666666666667
C#CC#CCC(O)CO,38.9255,36.605476,5.960163956,36.205,7.514155503,1.106134512,
